Authors,Title,Publication,Volume,Number,Pages,Year,Publisher,DOI,File,SuppMat,Note
"Blondin, Michael; Mazowiecki, Filip; Offtermatt, Philip;","Verifying Generalised and Structural Soundness of Workflow Nets via Relaxations","34th International Conference on Computer Aided Verification (CAV)",,,468–489,2022,,10.1007/978-3-031-13188-2_23,,,
"Blondin, Michael; Mazowiecki, Filip; Offtermatt, Philip;","The complexity of soundness in workflow nets","37th Annual ACM/IEEE Symposium on Logic in Computer Science (LICS)",,,20:1–20:13,2022,,10.1145/3531130.3533341,,,
"Blondin, Michael; Esparza, Javier;","Separators in Continuous Petri Nets","25th International Conference on Foundations of Software Science and Computation Structure (FoSSaCS)",,,,2022,,10.1007/978-3-030-99253-8_5,,,
"Blondin, Michael; Raskin, Mikhail;","The Complexity of Reachability in Affine Vector Addition Systems with States","Logical Methods in Computer Science (LMCS)",17,3,,2021,,10.46298/lmcs-17(3:3)2021,,,
"Blondin, Michael; Haase, Christoph; Mazowiecki, Filip; Raskin, Mikhail;","Affine Extensions of Integer Vector Addition Systems with States","Logical Methods in Computer Science (LMCS)",17,3,,2021,,10.46298/lmcs-17(3:1)2021,,,
"Blondin, Michael; Englert, Matthias; Finkel, Alain; Göller, Stefan; Haase, Christoph; Lazić, Ranko; McKenzie, Pierre; Totzke, Patrick;","The Reachability Problem for Two-Dimensional Vector Addition Systems with States","Journal of the ACM (JACM)",68,5,34:1–34:43,2021,,https://doi.org/10.1145/3464794,BEFGHLMT21.pdf,,
"Lafond, M; Hellmuth, M;","Reconstruction of time-consistent species trees","Algorithms for Molecular Biology",,,,2020,,https://doi.org/10.1186/s13015-020-00175-0,,,
"Delabre, M; El-Mabrouk, N; Huber, K T; Lafond, M; Moulton, V; Noutahi, E; Sautie Castellanos, M;","Evolution through segmental duplications and losses: a Super-Reconciliation approach","Algorithms for Molecular Biology",,,,2020,,https://doi.org/10.1186/s13015-020-00171-4,,,
"Cordonnier, G; Lafond, M;","Comparing copy-number profiles under multi-copy amplifications and deletions","BMC genomics",,,,2020,,https://doi.org/10.1186/s12864-020-6611-3,,,
"Charbit, P; Hahn, G; Kaminski, M; Lafond, M; Lichiardopol, N; Naserasr, R; Seamone, B; Sherkati, R;","Edge clique covers in graphs with independence number two","Journal of Graph Theory",,,,2021,,https://doi.org/10.1002/jgt.22657,,,
"Chateau, A; Davot, T; Lafond, M;","Efficient Assembly Consensus Algorithms for Divergent Contig Sets","19th Asia Pacific Bioinformatics Conference (APBC)",,,,2021,,,,,
"Landry, K; Teodocio, A; Lafond, M; Tremblay-Savard, O;","Novel Phylogenetic Network Distances Based on Cherry Picking","International Conference on Algorithms for Computational Biology (AlCoB)",,,,2021,,,,,
"Anselmetti, Y; El-Mabrouk, N; Lafond, M; Ouangraoua, A;","Gene Tree and Species Tree Reconciliation with Endosymbiotic Gene Transfer","International Conference on Intelligent Systems for Molecular Biology (ISMB)",,,,2021,,,,,
"Lafond, M; Zhu, B; Zou, P;","The tandem duplication distance is NP-hard","SIAM Journal on Discrete Mathematics",,,,2021,,,,,
"Schaller, D; Lafond, M; Stadler, PF; Wieseke, N; Hellmuth, M;","Indirect Identification of Horizontal Gene Transfer","Journal of Mathematical Biology",,,,2021,,,,,
"Blondin, Michael; Esparza, Javier; Jaax, Stefan; Meyer, Philipp J.;","Towards Efficient Verification of Population Protocols","Formal Methods in System Design (FMSD)",,,,2021,,10.1007/s10703-021-00367-3,,,
"Blondin, Michael; Leys, Tim; Mazowiecki, Filip; Oftermatt, Philip; Pérez, Guillermo A.;","Continuous One-Counter Automata","36th Annual ACM/IEEE Symposium on Logic in Computer Science (LICS)",,,,2021,,,,,
"Czyzowicz, Jurek; Georgiou, Konstantinos; Killick, Ryan; Kranakis, Evangelos; Krizanc, Danny; Lafond, Manuel; Narayanan, Lata; Opatrny, Jaroslav; Shende, Sunil~M.;","Time-energy tradeoffs for evacuation by two robots in the wireless model","Theoretical Computer Science",852,,61–72,2021,,10.1016/j.tcs.2020.11.014,,,
"Blondin, Michael; Haase, Christoph; Offtermatt, Philip;","Directed Reachability for Infinite-State Systems","27th International Conference on Tools and Algorithms for the Construction and Analysis of Systems (TACAS)",,,,2021,,10.1007/978-3-030-72013-1_1,,,
"Lütkenhaus, Norbert; Marwah, Ashutosh; Touchette, Dave;","Erasable Bit Commitment From Temporary Quantum Trust","IEEE Journal on Selected Areas in Information Theory",1,2,536–554, 2020,,10.1109/jsait.2020.3017054,,,
"Lafond, Manuel;","Even Better Fixed-Parameter Algorithms for Bicluster Editing","26th International Conference on Computing and Combinatorics (COCOON)",,,,2020,,10.1007/978-3-030-58150-3_47,,,
"Blondin, Michael;","The ABCs of Petri net reachability relaxations. ACM SIGLOG News: verification","ACM SIGLOG News: verification column",7,3,,2020,,10.1145/3436980.3436984,,,
"Mammar, Amel; Frappier, Marc;","Modeling of a Speed Control System Using Event-B","7th International Conference on Rigorous State-Based Methods (ABZ)",,,367—381,2020,,10.1007/978-3-030-48077-6_29,,
"Mammar, Amel; Frappier, Marc; Laleau, Régine;","An Event-B Model of an Automotive Adaptive Exterior Light System","7th International Conference on Rigorous State-Based Methods (ABZ)",,,351—366,2020,,10.1007/978-3-030-48077-6_28,,
"de Azevedo Oliveira, Diego; Frappier, Marc;","Verifying SGAC Access Control Policies: A Comparison of ProB, Alloy and Z3","7th International Conference on Rigorous State-Based Methods (ABZ)",,,223—229,2020,,10.1007/978-3-030-48077-6_15,,
"Jeffrey Tueno Fotso, Steve; Frappier, Marc; Laleau, Régine; Mammar, Amel;","Modeling the hybrid ERTMS/ETCS level 3 standard using a formal requirements engineering approach","International Journal on Software Tools for Technology Transfer (STTT)",22,3,349—363,2020,,10.1007/s10009-019-00542-2,,
"Mammar, Amel; Frappier, Marc; Tueno Fotso, Steve Jeffrey; Laleau, Régine;","A formal refinement-based analysis of the hybrid ERTMS/ETCS level 3 standard","International Journal on Software Tools for Technology Transfer (STTT)",2,3,333–347,2020,,10.1007/s10009-019-00543-1,,,
"Mane, Aniket~C.; Lafond, Manuel; Cipriano Feijão, Pedro; Chauve, Cédric;","The distance and median problems in the single-cut-or-join model with single-gene duplications","Algorithms for Molecular Biology",15,1,8,2020,,10.1186/s13015-020-00169-y,,,
"Lafond, Manuel; Zhu, Binhai; Zou, Peng;","Genomic Problems Involving Copy Number Profiles: Complexity and Algorithms","31st Annual Symposium on Combinatorial Pattern Matching (CPM)",161,,22:1–22:15,2020,,10.4230/LIPIcs.CPM.2020.22,,,
"Blondin, Michael; Finkel, Alain; Goubault-Larrecq, Jean;","Forward Analysis for WSTS, Part III: Karp-Miller Trees","Logical Methods in Computer Science (LMCS)",16,2,,2020,,10.23638/LMCS-16(2:13)2020,,,
"Nganyewou Tidjon, Lionel; Frappier, Marc; Mammar, Amel;","Intrusion Detection Using ASTDs","34th International Conference on Advanced Information Networking and Applications (AINA)",,,1397–1411,2020,,10.1007/978-3-030-44041-1_118,,,
"Krings, Sebastian; Leuschel, Michael; Schmidt, Joshua; Schneider, David; Frappier, Marc;","Translating Alloy and extensions to classical B","Science of Computer Programming",188,,0167–6423,2020,,10.1016/j.scico.2019.102378,,,
"Dobrev, Stefan; Kranakis, Evangelos; Krizanc, Danny; Lafond, Manuel; Manuch, Ján; Narayanan, Lata; Opatrny, Jaroslav; Stacho, Ladislav;","Weak Coverage of a Rectangular Barrier","Algorithmica",82,4,721–746,2020,,10.1007/s00453-019-00611-7,,,
"Cordasco, Gennaro; Gargano, Luisa; Lafond, Manuel; Narayanan, Lata; Rescigno, Adele~A.; Vaccaro, Ugo; Wu, Kangkang;","Whom to befriend to influence people","Theoretical Computer Science",810,,26–42,2020,,10.1016/j.tcs.2018.05.030,,,
"Blondin, Michael; Raskin, Mikhail;","The Complexity of Reachability in Affine Vector Addition Systems with States","35th Annual ACM/IEEE Symposium on Logic in Computer Science (LICS)",,,,2020,,10.1145/3373718.3394741,BR20.pdf,,
"Blondin, Michael; Esparza, Javier; Helfrich, Martin; Kučera, Antonín; Meyer, Philipp J.;","Checking Qualitative Liveness Properties of Replicated Systems with Stochastic Scheduling","32nd International Conference on Computer-Aided Verification (CAV)",,,,2020,,10.1007/978-3-030-53291-8_20,,,
"Lafond, Manuel; Zhu, Binhai; Zou, Peng;","The Tandem Duplication Distance is NP-hard","37th Symposium on Theoretical Aspects of Computer Science (STACS)",,,,2020,,10.4230/LIPIcs.STACS.2020.15,,,
"Blondin, Michael; Esparza, Javier; Genest, Blaise; Helfrich, Martin; Jaax, Stefan;","Succinct Population Protocols for Presburger Arithmetic","37th Symposium on Theoretical Aspects of Computer Science (STACS)",,,,2020,,10.4230/LIPIcs.STACS.2020.40,,,
"Brassard, Gilles; Nayak, Ashwin; Tapp, Alain; Touchette, Dave; Unger, Falk;","Noisy Interactive Quantum Communication","SIAM Journal on Computing",48,4,1147–1195, 2019,,10.1137/16M109867X,,,
"Anshu, Anurag; Goud Boddu, Naresh; Touchette, Dave;","Quantum Log-Approximate-Rank Conjecture is also False",60th Annual IEEE Symposium on Foundations of Computer Science (FOCS),,,,2019,,,,
"Jammali, Safa; Aguilar, Jean-David; Kuitche, Esaie; Ouangraoua, Aïda;","SplicedFamAlign: CDS-to-gene spliced alignment and identification of transcript orthology groups","BMC Bioinformatics",20-S,3,37–D52,2019,,https://doi.org/10.1186/s12859-019-2647-2,,,
"Brunet, Marie A.; Brunelle, Mylène; Lucier, Jean-François; Delcourt, Vivian; Levesque, Maxime; Grenier, Frédéric; Samandi, Sondos; Leblanc, Sébastien; Aguilar, Jean-David; Dufour, Pascal; Jacques, Jean-François; Fournier, Isabelle; Ouangraoua, Aïda; Scott, Michelle S; Boisvert, François-Michel; Roucou, Xavier;","OpenProt: a more comprehensive guide to explore eukaryotic coding potential and proteomes","Nucleic Acids Research",47,,D403–D410,2019,,10.1093/nar/gky936,,,
"Dondi, Riccardo; Lafond, Manuel; Scornavacca, Céline;","Reconciling multiple genes trees via segmental duplications and losses","Algorithms for Molecular Biology",14,1,7:1–7:19,2019,,10.1186/s13015-019-0139-6,,,
"Luhmann, Nina; Lafond, Manuel; Thévenin, Annelyse; Ouangraoua, Aïda; Wittler, Roland; Chauve, Cédric;","The SCJ Small Parsimony Problem for Weighted Gene Adjacencies","IEEE/ACM Transactions on Computational Biology and Bioinformatics",16,4,1364–1373,2019,,10.1109/TCBB.2017.2661761,,,
"Lafond, Manuel; El-Mabrouk, Nadia; Huber, Katharina T.; Moulton, Vincent;","The complexity of comparing multiply-labelled trees by extending phylogenetic-tree metrics","Theoretical Computer Science",760,,15–34,2019,,10.1016/j.tcs.2018.08.006,,,
"Lafond, Manuel; Scornavacca, Céline;","On the Weighted Quartet Consensus problem","Theoretical Computer Science",769,,1–17,2019,,10.1016/j.tcs.2018.10.005,,,
"Dondi, Riccardo; Lafond, Manuel;","On the Tractability of Covering a Graph with 2-Clubs","22nd International Symposium on Fundamentals of Computation Theory (FCT)",,,,2019,,10.1007/978-3-030-25027-0_17,,,
"Czyzowicz, Jurek; Georgiou, Konstantinos; Killick, Ryan; Kranakis, Evangelos; Krizanc, Danny; Lafond, Manuel; Narayanan, Lata; Opatrny, Jaroslav; Shende, Sunil M.;","Energy Consumption of Group Search on a Line","46th International Colloquium on Automata, Languages, and Programming, (ICALP)",,,,2019,,10.4230/LIPIcs.ICALP.2019.137,,,
"Czyzowicz, Jurek; Georgiou, Konstantinos; Killick, Ryan; Kranakis, Evangelos; Krizanc, Danny; Lafond, Manuel; Narayanan, Lata; Opatrny, Jaroslav; Shende, Sunil M.;","Time-Energy Tradeoffs for Evacuation by Two Robots in the Wireless Model","26th International Colloquium on Structural Information and Communication Complexity (SIROCCO)",,,,2019,,10.1007/978-3-030-24922-9_13_15,,,
"Ehresmann, Anne-Laure; Lafond, Manuel; Narayanan, Lata; Opatrny, Jaroslav;","Distributed Pattern Formation in a Ring","26th International Colloquium on Structural Information and Communication Complexity (SIROCCO)",,,,2019,,10.1007/978-3-030-24922-9_15,,,
"Blondin, Michael; Esparza, Javier; Jaax, Stefan;","Expressive Power of Broadcast Consensus Protocols","30th International Conference on Concurrency Theory (CONCUR)",,,,2019,,10.4230/LIPIcs.CONCUR.2019.23,BEJ19.pdf,,
"Lafond, M; Meghdari, Miardan Mona; Sankoff, David; ",Accurate prediction of orthologs in the presence of divergence after duplication,Bioinformatics,34,13,i366-i375,2018,,10.1093/bioinformatics/bty242,ISMB2018.pdf,,Journal issue of the ISMB2018 conference proceedings
"Dondi, Riccardo; Lafond, Manuel; Scornavacca, Céline; ",Reconciling Multiple Genes Trees via Segmental Duplications and Losses,18th International Workshop on Algorithms in Bioinformatics (WABI),,,,2018,,10.4230/LIPIcs.WABI.2018.5,SegmentalRec.pdf,,
"Lafond, Manuel; El-Mabrouk, Nadia; Huber, Katharina T; Moulton, Vincent; ",The complexity of comparing multiply-labelled trees by extending phylogenetic-tree metrics,Theoretical Computer Science,,,,2018,,10.1016/j.tcs.2018.08.006,tree-metrics.pdf,,
"Lafond, Manuel; Scornavacca, Céline; ",On the Weighted Quartet Consensus Problem,Theoretical computer science,,,,2018,,10.1016/j.tcs.2018.10.005,weighted_quartet_consensus_tcs.pdf,,
"Cordasco, Gennaro; Gargano, Luisa; Lafond, Manuel; Narayanan, Lata; Rescigno, Adele A; Vaccaro, Ugo; Wu, Kangkang; ",Whom to befriend to influence people,Theoretical Computer Science,,,,2018,Elsevier,10.1016/j.tcs.2018.05.030,,,
"Krizanc, Danny; Lafond, Manuel; Narayanan, Lata; Opatrny, Jaroslav; Shende, Sunil; ",Satisfying Neighbor Preferences on a Circle,Latin American Symposium on Theoretical Informatics (LATIN),,,727-740,2018,"Springer, Cham",10.1007/978-3-319-77404-6_53,harmony_latin.pdf,,
"Delabre, Matteo; El-Mabrouk, Nadia; Huber, Katharina; Lafond, Manuel; Moulton, Vincent; Noutahi, Emmanuel; Sautie Castellanos, Miguel; ",Reconstructing the history of syntenies through Super-Reconciliation,16th RECOMB Comparative Genomics Satellite Workshop (RECOMB-CG),,,,2018,,,,,
"Lafond, Manuel; ",The complexity of speedrunning video games,The Ninth International Conference on Fun with Algorithms (FUN),100,,,2018,Schloss Dagstuhl-Leibniz-Zentrum fuer Informatik,10.4230/LIPIcs.FUN.2018.27,video_games_fun.pdf,,"(postdoc work, because postdocs have time to have fun)"
"Dondi, Riccardo; Lafond, Manuel; El-Mabrouk, Nadia; ",Approximating the correction of weighted and unweighted orthology and paralogy relations,Algorithms for Molecular Biology,12,1,4,2017,BioMed Central,10.1186/s13015-017-0096-x,RelatCorrection.pdf,,Special issue of WABI2016
"Luhmann, Nina; Lafond, Manuel; Thevenin, Annelyse; Ouangraoua, Aida; Wittler, Roland; Chauve, Cedric;",The SCJ small parsimony problem for weighted gene adjacencies,IEEE/ACM transactions on computational biology and bioinformatics,,,,2017,IEEE,10.1109/TCBB.2017.2661761,,,
"Lafond, Manuel; Chauve, Cedric; El-Mabrouk, Nadia; ",Gene tree construction and correction using supertree and reconciliation,IEEE/ACM transactions on computational biology and bioinformatics,,,,2017,IEEE,10.1109/TCBB.2017.2720581,gene-tree-construction.pdf,,
"Dobrev, Stefan; Kranakis, Evangelos; Krizanc, Danny; Lafond, Manuel; Manuch, Jan; Narayanan, Lata; Opatrny, Jaroslav; Shende, Sunil; Stacho, Ladislav; ",Weak coverage of a rectangular barrier,International Conference on Algorithms and Complexity (CIAC),,,196-208,2017,"Springer, Cham",10.1007/978-3-319-57586-5_17,weak-coverage.pdf,,
"Chauve, Cedric; Jones, Mark; Lafond, Manuel; Scornavacca, Céline; Weller, Mathias; ",Constructing a consensus phylogeny from a leaf-removal distance,International Symposium on String Processing and Information Retrieval (SPIRE),,,129-143,2017,"Springer, Cham",10.1007/978-3-319-67428-5_12,consensus-leaf-removal.pdf,,
"Dobrev, Stefan; Lafond, Manuel; Narayanan, Lata; Opatrny, Jaroslav; ",Optimal local buffer management for information gathering with adversarial traffic,29th ACM Symposium on Parallelism in Algorithms and Architectures (SPAA),,,265-274,2017,ACM,10.1145/3087556.3087577,SPAA-buffers.pdf,,
"Gambette, Philippe; Van Iersel, Leo; Jones, Mark; Lafond, Manuel; Pardi, Fabio; Scornavacca, Celine; ",Rearrangement moves on rooted phylogenetic networks,PLoS computational biology,13,8,,2017,Public Library of Science,10.1371/journal.pcbi.1005611,,,
"Kuitche, Esaie; Lafond, Manuel; Ouangraoua, Aïda; ",Reconstructing protein and gene phylogenies using reconciliation and soft-clustering,Journal of bioinformatics and computational biology,15,6,,2017,World Scientific Publishing Company,10.1142/S0219720017400078,reconstructing-protein-gene.pdf,,Special issue of BICOB2017
"Lafond, Manuel; Scornavacca, Céline; ",On the Weighted Quartet Consensus Problem,28th Annual Symposium on Combinatorial Pattern Matching (CPM),78,,28:1–28:18,2017,,10.4230/LIPIcs.CPM.2017.28,,,
"Lafond, Manuel; ",On strongly chordal graphs that are not leaf powers,International Workshop on Graph-Theoretic Concepts in Computer Science (WG),,,386-398,2017,Springer,10.1007/978-3-319-68705-6_29,strongly-chordal-graphs.pdf,,
"Lafond, Manuel; Dondi, Riccardo; El-Mabrouk, Nadia; ",The link between orthology relations and gene trees: a correction perspective,Algorithms for Molecular Biology,11,1,4,2016,BioMed Central,10.1186/s13015-016-0067-7,OrthoParaComplexityBMC.pdf,,Special issue of WABI2015
"Noutahi, Emmanuel; Semeria, Magali; Lafond, Manuel; Seguin, Jonathan; Boussau, Bastien; Guéguen, Laurent; El-Mabrouk, Nadia; Tannier, Eric; ",Efficient gene tree correction guided by genome evolution,PLoS One,11,8,,2016,Public Library of Science,10.1371/journal.pone.0159559,,,
"Lafond, Manuel; Noutahi, Emmanuel; El-Mabrouk, Nadia; ",Efficient Non-Binary Gene Tree Resolution with Weighted Reconciliation Cost,27th Annual Symposium on Combinatorial Pattern Matching (CPM),54,,,2016,Schloss Dagstuhl–Leibniz-Zentrum fuer Informatik,10.4230/LIPIcs.CPM.2016.14,non-binary-gene-trees-weighted.pdf,,
"Dondi, Riccardo; El-Mabrouk, Nadia; Lafond, Manuel; ",Correction of weighted orthology and paralogy relations-complexity and algorithmic results,International Workshop on Algorithms in Bioinformatics (WABI),,,121-136,2016,"Springer, Cham",10.1007/978-3-319-43681-4_10,WABI16.pdf,,
"Lafond, Manuel; ",Algorithmes de construction et correction d'arbres de gènes par la réconciliation,"PhD thesis (in French), University of Montreal",,,,2016,,,Lafond_Manuel_2016_these.pdf,,
"Lafond, Manuel; Narayanan, Lata; Wu, Kangkang; ",Whom to befriend to influence people,International Colloquium on Structural Information and Communication Complexity (SIROCCO),,,340-357,2016,"Springer, Cham",10.1007/978-3-319-48314-6_22,,,
"Lafond, Manuel; Seamone, Ben; ",Hamiltonian chordal graphs are not cycle extendable,SIAM Journal on Discrete Mathematics,29,2,877-887,2015,Society for Industrial and Applied Mathematics,10.1137/13094551X,,,
"Lafond, Manuel; El-Mabrouk, Nadia; ",Orthology relation and gene tree correction: complexity results,International Workshop on Algorithms in Bioinformatics (WABI),,,66-79,2015,Springer-Verlag Berlin Heidelberg,,,,
"Lafond, Manuel; Ouangraoua, Aïda; El-Mabrouk, Nadia; ",Reconstructing a SuperGeneTree minimizing reconciliation,BMC bioinformatics,16,14,S4,2015,BioMed Central,,,,
"Lafond, Manuel; Chauve, Cedric; Dondi, Riccardo; El-Mabrouk, Nadia; ",Polytomy refinement for the correction of dubious duplications in gene trees,Bioinformatics,30,17,i519-i526,2014,Oxford University Press,10.1093/bioinformatics/btu463,correction-nad.pdf,,Journal issue of the ECCB2014 proceedings
"Lafond, Manuel; El-Mabrouk, Nadia; ",Orthology and paralogy constraints: satisfiability and consistency,BMC genomics,15,6,S12,2014,BioMed Central,10.1186/1471-2164-15-S6-S12,OrthologsAndParalogs.pdf,,
"Lafond, Manuel; Semeria, Magali; Swenson, Krister M; Tannier, Eric; El-Mabrouk, Nadia; ",Gene tree correction guided by orthology,BMC bioinformatics,14,15,S5,2013,BioMed Central,,,,
"Lafond, Manuel; Swenson, Krister M; El-Mabrouk, Nadia; ",Error detection and correction of gene trees,Models and algorithms for genome evolution,,,261-285,2013,"Springer, London",,,,
"Aïmeur, Esma; Lafond, Manuel; ",The scourge of internet personal data collection,"Eighth International Conference on Availability, Reliability and Security (ARES)",,,821-828,2013,IEEE,,,,
"Lafond, Manuel; Swenson, Krister M; El-Mabrouk, Nadia; ",An optimal reconciliation algorithm for gene trees with polytomies,International Workshop on Algorithms in Bioinformatics,,,106-122,2012,"Springer, Berlin, Heidelberg",10.1007/978-3-642-33122-0_9,WABI2012.pdf,,
"Lafond, Manuel; Brosseau, Pierre-Olivier; Aïmeur, Esma; ",Privacy invasion in business environments,"Tenth Annual International Conference on Privacy, Security and Trust (PST)",,,221-224,2012,IEEE,,,,
"Blondin, Michael; McKenzie, Pierre;","The Complexity of Intersecting Finite Automata Having Few Final States","7th International Computer Science Symposium in Russia (CSR)",,,31–42,2012,,10.1007/978-3-642-30642-6_4,BM12.pdf,,
"Blondin, Michael; Finkel, Alain; McKenzie, Pierre;","Handling Infinitely Branching WSTS","41st International Colloquium on Automata, Languages, and Programming (ICALP)",,,13–25,2014,,10.1007/978-3-662-43951-7_2,BFM14.pdf,,
"Blondin, Michael; Finkel, Alain; Göller, Stefan; Haase, Christoph; McKenzie, Pierre","Reachability in Two-Dimensional Vector Addition Systems with States Is PSPACE-Complete","30th Annual ACM/IEEE Symposium on Logic in Computer Science (LICS)",,,32–43,2015,,10.1109/LICS.2015.14,BFGHM15.pdf,,
"Blondin, Michael; Finkel, Alain; Haase, Christoph; Haddad, Serge;","Approaching the Coverability Problem Continuously","22nd International Conference on Tools and Algorithms for the Construction and Analysis of Systems (TACAS)",,,480–496,2016,,10.1007/978-3-662-49674-9_28,BFHH16.pdf,,
"Blondin, Michael; Haase, Christoph","Logics for Continuous Reachability in Petri Nets and Vector Addition Systems with States","32nd Annual ACM/IEEE Symposium on Logic in Computer Science (LICS)",,,1–12,2017,,10.1109/LICS.2017.8005068,BH17.pdf,,
"Blondin, Michael; Esparza, Javier; Jaax, Stefan; Meyer, Philipp J.;","Towards Efficient Verification of Population Protocols","36th ACM Symposium on Principles of Distributed Computing (PODC)",,,423–430,2017,,10.1145/3087801.3087816,BEJM17.pdf,,
"Blondin, Michael; Finkel, Alain; Goubault-Larrecq, Jean;","Forward Analysis for WSTS, Part III: Karp-Miller Trees","37th IARCS Annual Conference on Foundations of Software Technology and Theoretical Computer Science (FSTTCS)",,,16:1–16:15,2017,,10.4230/LIPIcs.FSTTCS.2017.16,BFG17.pdf,,
"Blondin, Michael; Esparza, Javier; Jaax, Stefan;","Large Flocks of Small Birds: On the Minimal Size of Population Protocols","35th Symposium on Theoretical Aspects of Computer Science (STACS)",,,16:1–16:14,2018,,10.4230/LIPIcs.STACS.2018.16,BEJ18.pdf,,
"Blondin, Michael; Esparza, Javier; Jaax, Stefan;","Peregrine: A Tool for the Analysis of Population Protocols","30th International Conference on Computer Aided Verification (CAV)",,,604–611,2018,,10.1007/978-3-319-96145-3_34,BEJ18b.pdf,,
"Blondin, Michael; Esparza, Javier; Kučera, Antonín;","Automatic Analysis of Expected Termination Time for Population Protocols","29th International Conference on Concurrency Theory (CONCUR)",,,33:1–33:16,2018,,10.4230/LIPIcs.CONCUR.2018.33,BEK18.pdf,,
"Blondin, Michael; Haase, Christoph; Mazowiecki, Filip;","Affine Extensions of Integer Vector Addition Systems with States","29th International Conference on Concurrency Theory (CONCUR)",,,14:1–14:17,2018,,10.4230/LIPIcs.CONCUR.2018.14,BHM18.pdf,,
"Blondin, Michael; Esparza, Javier; Jaax, Stefan; Kučera, Antonín;","Black Ninjas in the Dark: Formal Analysis of Population Protocols","33rd Annual ACM/IEEE Symposium on Logic in Computer Science (LICS)",,,1–10,2018,,10.1145/3209108.3209110,BEJK18.pdf,,
"Blondin, Michael; Krebs, Andreas; McKenzie, Pierre;","The complexity of intersecting finite automata having few final states","Computational Complexity",25,4,775–814,2016,,10.1007/s00037-014-0089-9,BKM16.pdf,,
"Blondin, Michael; Finkel, Alain; McKenzie, Pierre;","Well Behaved Transition Systems","Logical Methods in Computer Science (LMCS)",13,3,,2017,,10.23638/LMCS-13(3:24)2017,BFM17.pdf,,
"Blondin, Michael; Finkel, Alain; Haase, Christoph; Haddad, Serge;","The Logical View on Continuous Petri Nets","ACM Transactions on Computational Logic (TOCL)",18,3,24:1–24:28,2017,,10.1145/3105908,BFHH17.pdf,,
" Blondin, Michael; Finkel, Alain; McKenzie, Pierre;","Handling infinitely branching well-structured transition systems","Information and Computation",258,,28–49,2018,,10.1016/j.ic.2017.11.001,BFM18.pdf,,
"Brassard, Gilles; Nayak, Ashwin; Tapp, Alain; Touchette, Dave; Falk Unger;","Noisy Interactive Quantum Communication","55th IEEE Annual Symposium on Foundations of Computer Science (FOCS)",,,296–305,2014,,10.1109/FOCS.2014.39,,
"Touchette, Dave;","Quantum Information Complexity","47th Annual ACM on Symposium on Theory of Computing (STOC)",,,317–326,2015,,10.1145/2746539.2746613,,
"Braverman, Mark; Garg, Ankit; Kun-Ko, Young; Mao, Jieming; Touchette, Dave;","Near-Optimal Bounds on Bounded-Round Quantum Communication Complexity of Disjointness","IEEE 56th Annual Symposium on Foundations of Computer Science (FOCS)",,,773–791,2015,,10.1109/FOCS.2015.53,,
"Anshu, Anurag; Touchette, Dave; Yao, Penghui; Yu, Nengkun;","Exponential separation of quantum communication and classical information","49th Annual ACM SIGACT Symposium on Theory of Computing (STOC)",,,277–288,2017,,10.1145/3055399.3055401,,
"Laurière, Mathieu; Touchette, Dave;","The Flow of Information in Interactive Quantum Protocols: the Cost of Forgetting","8th Innovations in Theoretical Computer Science Conference (ITCS)",,,47:1–47:1,2017,,10.4230/LIPIcs.ITCS.2017.47,,
"Nayak, Ashwin; Touchette, Dave;","Augmented Index and Quantum Streaming Algorithms for DYCK(2)","32nd Computational Complexity Conference (CCC)",,,23:1–23:21,2017,,10.4230/LIPIcs.CCC.2017.23,,
"Leung, Debbie; Nayak, Ashwin; Shayeghi, Ala; Touchette, Dave; Yao, Penghui; Yu, Nengkun;","Capacity approaching coding for low noise interactive quantum communication","50th Annual ACM SIGACT Symposium on Theory of Computing (STOC)",,,339–352,2018,,10.1145/3188745.3188908,,
"Berta, Mario; Christandl, Matthias; Touchette, Dave;","Smooth Entropy Bounds on One-Shot Quantum State Redistribution","IEEE Transactions on Information Theory",62,3,1425–1439,2016,,10.1109/TIT.2016.2516006,,,
"Touchette, Dave; Lovitz, Benjamin; Lütkenhaus, Norbert;","Practical quantum appointment scheduling","Physical Review A",97,4,21,2018,,10.1103/PhysRevA.97.042320,,,
"Braverman, Mark; Garg, Ankit; Kun Ko, Young; Mao, Jieming; Touchette, Dave;","Near-Optimal Bounds on the Bounded-Round Quantum Communication Complexity of Disjointness","SIAM Journal on Computing",47,6,2277–2314,2018,,10.1137/16M1061400,,,
"Beaudry, Martin; Dubé, Danny; Dubé, Maxime; Latendresse, Mario; Tesson, Pascal;","Conservative groupoids recognize only regular languages","Information and Computation",239,,13–28,2014,,10.1016/j.ic.2014.08.005,,,
"Frappier, Marc; Mammar, Amel;","An Assertions-Based Approach to Verifying the Absence Property Pattern","23rd IEEE International Symposium on Software Reliability Engineering (ISSRE)",,,361—370,2012,,10.1109/ISSRE.2012.11,,
"Ferrier-Belhaouari, Hakim; Konopacki, Pierre; Laleau, Régine; Frappier, Marc;","A Design by Contract Approach to Verify Access Control Policies","17th IEEE International Conference on Engineering of Complex Computer Systems (ICECCS)",,,263—272,2012,,10.1109/ICECCS.2012.4,,
"Mammar, Amel; Frappier, Marc; Chane-Yack-Fa, Raphaël;","Proving the Absence Property Pattern Using the B Method","14th International IEEE Symposium on High-Assurance Systems Engineering (HASE)",,,167—170,2012,,10.1109/HASE.2012.26,,
"Fraikin, Benoît; Frappier, Marc; St.-Denis, Richard;","Modeling the Supervisory Control Theory with Alloy","Third International Conference on Abstract State Machines, Alloy, B, VDM, and Z (ABZ)",,,94—107,2012,,10.1007/978-3-642-30885-7_7,,
"Savary, Aymerick; Frappier, Marc; Lanet, Jean-Louis;","Detecting Vulnerabilities in Java-Card Bytecode Verifiers Using Model-Based Testing","10th International Conference on Integrated Formal Methods (IFM)",,,223—237,2013,,10.1007/978-3-642-38613-8_16,,
"Diagne, Fama; Mammar, Amel; Frappier, Marc;","A Tool for Verifying Dynamic Properties in B","12th International Conference on Software Engineering and Formal Methods (SEFM)",,,290—295,2014,,10.1007/978-3-319-10431-7_23,,
"Mammar, Amel; Frappier, Marc;","Verifying the Precedence Property Pattern Using the B Method","15th International IEEE Symposium on High-Assurance Systems Engineering (HASE)",,,229—233,2014,,10.1109/HASE.2014.40,,
"Huynh, Nghi; Frappier, Marc; Mammar, Amel; Laleau, Régine; Desharnais, Jules;","Validating the RBAC ANSI 2012 Standard Using B","4th International Conference on Abstract State Machines, Alloy, B, TLA, VDM, and Z (ABZ)",,,255—270,2014,,10.1007/978-3-662-43652-3_22,,
"Fayolle, Thomas; Frappier, Marc; Laleau, Régine; Gervais, Frédéric;","Formal refinement of extended state machines","17th International Workshop on Refinement (Refine@FM)",,,1—16,2015,,10.4204/EPTCS.209.1,,
"Savary, Aymerick; Frappier, Marc; Leuschel, Michael; Lanet, Jean-Louis;","Model-Based Robustness Testing in Event-B Using Mutation","13th International Conference on Software Engineering and Formal Methods (SEFM)",,,132—147,2015,,10.1007/978-3-319-22969-0_10,,
"Huynh, Nghi; Frappier, Marc; Pooda, Herman; Mammar, Amel; Laleau, Regine;","SGAC: A patient-centered access control method","Tenth IEEE International Conference on Research Challenges in Information Science (RCIS)",,,1—12,2016,,10.1109/RCIS.2016.7549286,,
"Fayolle, Thomas; Frappier, Marc; Gervais, Frédéric; Laleau, Régine;","Modelling a Hemodialysis Machine Using Algebraic State-Transition Diagrams and B-like Methods","5th International Conference on Abstract State Machines, Alloy, B, TLA, VDM, and Z (ABZ)",,,394—408,2016,,10.1007/978-3-319-33600-8_33,,
"Kenfack Ngankam, Hubert; Pigot, Hélène; Frappier, Marc; Helena Souza Oliveira, Camila; Giroux, Sylvain;","Formal Specification for Ambient Assisted Living Scenarios","11th International Conference  on Ubiquitous Computing and Ambient Intelligence (UCAmI)",,,508—519,2017,,10.1007/978-3-319-67585-5_51,,
"Tueno, Steve; Laleau, Regine; Mammar, Amel; Frappier, Marc;","Towards Using Ontologies for Domain Modeling within the SysML/KAOS Approach","IEEE 25th International Requirements Engineering Conference Workshops (RE)",,,1—5,2017,,10.1109/REW.2017.22,,
"Huynh, Nghi; Frappier, Marc; Mammar, Amel; Laleau, Régine;","Verification of SGAC Access Control Policies Using Alloy and ProB","18th IEEE International Symposium on High Assurance Systems Engineering (HASE)",,,120—123,2017,,10.1109/HASE.2017.24,,
"Jeffrey Tueno Fotso, Steve; Frappier, Marc; Laleau, Régine; Mammar, Amel; Leuschel, Michael;","Formalisation of SysML/KAOS Goal Assignments with B System Component Decompositions","14th International Conference on Integrated Formal Methods (IFM)",,,377—397,2018,,10.1007/978-3-319-98938-9_22,,
"Jeffrey Tueno Fotso, Steve; Frappier, Marc; Laleau, Regine; Mammar, Amel;","Back Propagating B System Updates on SysML/KAOS Domain Models","23rd International Conference on Engineering of Complex Computer Systems (ICECCS)",,,160—169,2018,,10.1109/ICECCS2018.2018.00025,,
"Nganyewou Tidjon, Lionel; Frappier, Marc; Leuschel, Michael; Mammar, Amel;","Extended Algebraic State-Transition Diagrams","23rd International Conference on Engineering of Complex Computer Systems (ICECCS)",,,146—155,2018,,10.1109/ICECCS2018.2018.00023,,
"Mammar, Amel; Frappier, Marc; Jeffrey Tueno Fotso, Steve; Laleau, Régine;","An Event-B Model of the Hybrid ERTMS/ETCS Level 3 Standard","6th International Conference on Abstract State Machines, Alloy, B, TLA, VDM, and Z (ABZ)",,,353—366,2018,,10.1007/978-3-319-91271-4_24,,
"Jeffrey Tueno Fotso, Steve; Frappier, Marc; Laleau, Régine; Mammar, Amel;","Modeling the Hybrid ERTMS/ETCS Level 3 Standard Using a Formal Requirements Engineering Approach","6th International Conference on Abstract State Machines, Alloy, B, TLA, VDM, and Z (ABZ)",,,262—276,2018,,10.1007/978-3-319-91271-4_18,,
"Krings, Sebastian; Schmidt, Joshua; Brings, Carola; Frappier, Marc; Leuschel, Michael;","A Translation from Alloy to B","6th International Conference on Abstract State Machines, Alloy, B, TLA, VDM, and Z (ABZ)",,,71—86,2018,,10.1007/978-3-319-91271-4_6,,
"Jeffrey Tueno Fotso, Steve; Mammar, Amel; Laleau, Régine; Frappier, Marc;","Event-B Expression and Verification of Translation Rules Between SysML/KAOS Domain Models and B System Specifications","6th International Conference on Abstract State Machines, Alloy, B, TLA, VDM, and Z (ABZ)",,,55—70,2018,,10.1007/978-3-319-91271-4_5,,
"Milhau, Jérémy; Gervais, Frédéric; Laleau, Régine; Frappier, Marc;","Refinement patterns for ASTD","ACM SIGSOFT Software Engineering Notes",37,4,1—8,2012,,10.1145/2237796.2237818,,,
"Frappier, Marc; Glässer, Uwe; Khurshid, Sarfraz; Laleau, Régine; Reeves, Steve;","Abstract State Machines, Alloy, B and Z Selected papers from ABZ 2010","Science of Computer Programming",78,3,270—271,2013,,10.1016/j.scico.2011.03.004,,,
"Fraikin, Benoît; Frappier, Marc; St.-Denis, Richard;","Supervisory control theory with Alloy","Science of Computer Programming",94,,217—237,2014,,10.1016/j.scico.2014.04.016,,,
"Frappier, Marc; Gervais, Frédéric; Laleau, Régine; Milhau, Jérémy;","Refinement patterns for ASTDs","Formal Aspects of Computing",26,5,919—941,2014,,10.1007/s00165-013-0286-3,,,
"Mammar, Amel; Frappier, Marc;","Proof-based verification approaches for dynamic properties: application to the information system domain","Formal Aspects of Computing",27,2,335—374,2015,,10.1007/s00165-014-0323-x,,,
"Huynh, Nghi; Frappier, Marc; Mammar, Amel; Laleau, Régine; Desharnais, Jules;","A formal validation of the RBAC ANSI 2012 standard using B","Science of Computer Programming",131,,76—93,2016,,10.1016/j.scico.2016.04.011,,,
"Chane-Yack-Fa, Raphaël; Frappier, Marc; Mammar, Amel; Finkel, Alain;","Parameterized verification of monotone information systems","Formal Aspects of Computing",30,3-4,463—489,2018,,10.1007/s00165-018-0460-8,,,
"Thomas, Antoine; Ouangraoua, Aïda; Varré, Jean-Stéphane;","Tandem Halving Problems by DCJ","12th International Workshop  Algorithms in Bioinformatics (WABI)",,,417—429,2012,,10.1007/978-3-642-33122-0_33,,
"Ouangraoua, Aïda; M. Swenson, Krister; Bergeron, Anne;","On the Comparison of Sets of Alternative Transcripts","8th International Symposium on Bioinformatics Research and Applications (ISBRA)",,,201—212,2012,,10.1007/978-3-642-30191-9_19,,
"Ouangraoua, Aïda; Raffinot, Mathieu;","Faster and Simpler Minimal Conflicting Set Identification - (Extended Abstract)","23rd Annual Symposium on Combinatorial Pattern Matching (CPM)",,,41—55,2012,,10.1007/978-3-642-31265-6_4,,
"Thomas, Antoine; Ouangraoua, Aïda; Varré, Jean-Stéphane;","Genome Halving by Block Interchange","International Conference on Bioinformatics Models, Methods and Algorithms (BIOINFORMATICS)",,,58—65,2012,,,,
"Luhmann, Nina; Thévenin, Annelyse; Ouangraoua, Aïda; Wittler, Roland; Chauve, Cédric;","The SCJ Small Parsimony Problem for Weighted Gene Adjacencies","12th International Symposium on Bioinformatics Research and Applications (ISBRA)",,,200—210,2016,,10.1007/978-3-319-38782-6_17,,
"El-Mabrouk, Nadia; Ouangraoua, Aïda;","A General Framework for Gene Tree Correction Based on Duplication-Loss Reconciliation","17th International Workshop on Algorithms in Bioinformatics (WABI)",,,8:1—8:14,2017,,10.4230/LIPIcs.WABI.2017.8,,
"Allali, Julien; Saule, Cédric; Chauve, Cédric; D'Aubenton-Carafa, Yves; Denise, Alain; Drevet, Christine; Ferraro, Pascal; Gautheret, Daniel; Herrbach, Claire; Leclerc, Fabrice; de Monte, Antoine; Ouangraoua, Aïda; Sagot, Marie-France; Termier, Michel; Thermes, Claude; Touzet, Hélène;","BRASERO: A Resource for Benchmarking RNA Secondary Structure Comparison Algorithms","Advances in Bioinformatics",2012,,893048:1—893048:5,2012,,10.1155/2012/893048,,,
"Ouangraoua, Aïda; Raffinot, Mathieu;","On the Identification of Conflicting Contiguities in Ancestral Genome Reconstruction","Journal of Computational Biology",21,1,64—79,2014,,10.1089/cmb.2013.0086,,,
"Lavoie-Mongrain, Philippe; Belcaid, Mahdi; Ouangraoua, Aïda; Bergeron, Anne; Poisson, Guylaine;","Reconstructing the history of a WD40 beta-propeller tandem repeat using a phylogenetically informed algorithm","PeerJ Computer Science",1,,e6,2015,,10.7717/peerj-cs.6,,,
"Jammali, Safa; Kuitche, Esaie; Rachati, Ayoub; Bélanger, François; Scott, Michelle; Ouangraoua, Aïda;","Aligning coding sequences with frameshift extension penalties","Algorithms for Molecular Biology",12,1,10:1—10:18,2017,,10.1186/s13015-017-0101-4,,,
"Séhi Glouzon, Jean-Pierre; Ouangraoua, Aïda;","aliFreeFold: an alignment-free approach to predict secondary structure from homologous RNA sequences","Bioinformatics",34,13,i70—i78,2018,,10.1093/bioinformatics/bty234,,,
